Date,Open,High,Low,Close,Volume,Dividends,Stock Splits
1999-03-10,9.37,9.43,9.22,9.25,129200,0.0,0.0
1999-03-11,9.25,9.49,9.16,9.4,160100,0.0,0.0
1999-03-12,9.37,9.46,9.22,9.4,101200,0.0,0.0
1999-03-15,9.34,9.46,9.19,9.4,57400,0.0,0.0
1999-03-16,9.89,10.02,9.22,9.56,680300,0.0,0.0
1999-03-17,9.62,9.65,9.19,9.4,271800,0.0,0.0
1999-03-18,9.46,9.46,9.22,9.34,245400,0.0,0.0
1999-03-19,9.16,9.46,9.09,9.37,415300,0.0,0.0
1999-03-22,9.37,9.37,8.97,9.28,134400,0.0,0.0
1999-03-23,9.34,9.43,9.06,9.06,214900,0.0,0.0
1999-03-24,9.13,9.13,8.85,8.91,115400,0.0,0.0
1999-03-25,8.91,9.29,8.91,9.03,200500,0.0,0.0
1999-03-26,9.03,9.16,8.91,9.0,133600,0.0,0.0
1999-03-29,9.09,9.16,8.91,9.03,109000,0.0,0.0
1999-03-30,8.97,9.06,8.73,8.76,205300,0.0,0.0
1999-03-31,8.73,8.88,8.45,8.85,533600,0.0,0.0
1999-04-01,8.85,8.85,8.7,8.85,200700,0.0,0.0
1999-04-05,8.97,8.97,8.63,8.82,142300,0.0,0.0
1999-04-06,8.85,8.97,8.79,8.82,423800,0.0,0.0
1999-04-07,8.88,9.03,8.79,9.0,1141800,0.0,0.0
1999-04-08,9.13,9.13,8.91,9.03,135900,0.0,0.0
1999-04-09,8.97,9.13,8.82,8.94,204700,0.0,0.0
1999-04-12,8.85,9.13,8.85,9.06,449400,0.0,0.0
1999-04-13,9.03,9.34,9.03,9.31,534700,0.0,0.0
1999-04-14,9.34,10.02,9.34,9.83,221600,0.0,0.0
1999-04-15,10.11,10.72,10.08,10.66,244300,0.0,0.0
1999-04-16,10.63,10.63,10.26,10.63,130200,0.0,0.0
1999-04-19,10.63,12.29,10.63,11.98,682800,0.0,0.0
1999-04-20,11.98,12.2,11.0,11.09,554500,0.0,0.0
1999-04-21,11.09,11.61,11.06,11.52,265400,0.0,0.0
1999-04-22,11.64,11.64,11.34,11.55,232700,0.0,0.0
1999-04-23,11.49,11.55,10.94,11.25,122800,0.0,0.0
1999-04-26,11.06,11.46,11.06,11.21,125400,0.0,0.0
1999-04-27,11.15,11.28,11.0,11.15,81300,0.0,0.0
1999-04-28,11.15,12.04,11.03,11.77,249400,0.0,0.0
1999-04-29,11.72,11.9,11.38,11.5,127900,0.07913,0.0
1999-04-30,11.63,11.69,11.1,11.44,165800,0.0,0.0
1999-05-03,11.53,11.87,11.35,11.87,294200,0.0,0.0
1999-05-04,11.87,12.31,11.87,12.15,138700,0.0,0.0
1999-05-05,12.12,12.24,11.87,12.24,83900,0.0,0.0
1999-05-06,12.24,12.24,11.87,12.09,98000,0.0,0.0
1999-05-07,12.15,12.21,11.87,12.21,100200,0.0,0.0
1999-05-10,12.31,12.31,11.87,11.9,125600,0.0,0.0
1999-05-11,12.03,12.15,11.97,12.09,100800,0.0,0.0
1999-05-12,12.18,12.21,11.87,12.18,159200,0.0,0.0
1999-05-13,12.24,12.52,12.18,12.52,192600,0.0,0.0
1999-05-14,12.58,12.58,12.31,12.43,120100,0.0,0.0
1999-05-17,12.43,12.83,12.43,12.58,168500,0.0,0.0
1999-05-18,12.49,12.58,11.81,12.15,178100,0.0,0.0
1999-05-19,12.15,12.18,11.87,12.09,111000,0.0,0.0
1999-05-20,12.15,12.52,12.12,12.31,120000,0.0,0.0
1999-05-21,12.34,12.34,12.06,12.27,98900,0.0,0.0
1999-05-24,12.31,12.31,12.0,12.0,89600,0.0,0.0
1999-05-25,12.03,12.18,11.87,12.18,82800,0.0,0.0
1999-05-26,12.18,12.27,11.75,11.93,100600,0.0,0.0
1999-05-27,11.87,11.93,11.75,11.93,63500,0.0,0.0
1999-05-28,11.93,12.09,11.81,12.09,128500,0.0,0.0
1999-06-01,12.09,12.09,11.72,11.72,233700,0.0,0.0
1999-06-02,11.84,11.9,11.53,11.78,95500,0.0,0.0
1999-06-03,11.78,12.15,11.66,11.78,190700,0.0,0.0
1999-06-04,11.84,12.0,11.78,11.87,71000,0.0,0.0
1999-06-07,11.87,11.87,11.41,11.44,126800,0.0,0.0
1999-06-08,11.44,11.47,11.19,11.31,88100,0.0,0.0
1999-06-09,11.41,11.44,11.29,11.41,45800,0.0,0.0
1999-06-10,11.29,11.44,11.19,11.25,174200,0.0,0.0
1999-06-11,11.25,11.25,11.07,11.25,92100,0.0,0.0
1999-06-14,11.32,11.35,10.85,11.19,65500,0.0,0.0
1999-06-15,11.13,11.59,11.13,11.44,51300,0.0,0.0
1999-06-16,11.66,11.69,11.38,11.41,101200,0.0,0.0
1999-06-17,11.5,11.9,11.5,11.9,90600,0.0,0.0
1999-06-18,11.81,11.97,11.53,11.56,151200,0.0,0.0
1999-06-21,11.53,11.69,11.5,11.69,76300,0.0,0.0
1999-06-22,11.63,11.78,11.63,11.78,29700,0.0,0.0
1999-06-23,11.78,11.78,11.41,11.47,73100,0.0,0.0
1999-06-24,11.44,11.47,11.32,11.35,240500,0.0,0.0
1999-06-25,11.38,11.72,11.32,11.59,113100,0.0,0.0
1999-06-28,11.47,12.0,11.38,12.0,110300,0.0,0.0
1999-06-29,12.12,12.34,12.03,12.24,196200,0.0,0.0
1999-06-30,12.24,12.74,12.09,12.49,244700,0.0,0.0
1999-07-01,12.43,12.43,11.84,11.84,98300,0.0,0.0
1999-07-02,11.9,12.27,11.9,12.21,120300,0.0,0.0
1999-07-06,12.15,12.21,11.78,11.84,53400,0.0,0.0
1999-07-07,11.84,11.87,11.63,11.69,52100,0.0,0.0
1999-07-08,11.72,11.72,11.41,11.5,103500,0.0,0.0
1999-07-09,11.47,12.15,11.44,12.12,154800,0.0,0.0
1999-07-12,12.09,12.21,12.0,12.15,186500,0.0,0.0
1999-07-13,12.06,12.06,12.0,12.06,89600,0.0,0.0
1999-07-14,12.18,12.74,12.18,12.52,161700,0.0,0.0
1999-07-15,12.46,12.58,12.4,12.58,96800,0.0,0.0
1999-07-16,12.55,12.86,12.52,12.83,140000,0.0,0.0
1999-07-19,12.8,12.83,12.62,12.68,184400,0.0,0.0
1999-07-20,12.77,12.83,12.71,12.71,114100,0.0,0.0
1999-07-21,12.83,12.86,12.68,12.71,171300,0.0,0.0
1999-07-22,12.71,12.77,12.65,12.74,135100,0.0,0.0
1999-07-23,12.74,12.8,12.65,12.74,51100,0.0,0.0
1999-07-26,12.68,12.71,12.55,12.68,85800,0.0,0.0
1999-07-27,12.65,12.96,12.65,12.89,122600,0.0,0.0
1999-07-28,12.89,13.11,12.89,12.99,139100,0.0,0.0
1999-07-29,12.91,12.91,12.56,12.69,145700,0.07913,0.0
1999-07-30,12.66,13.09,12.66,13.09,120700,0.0,0.0
1999-08-02,13.12,13.12,12.38,12.75,105400,0.0,0.0
1999-08-03,12.75,12.75,11.51,11.75,252300,0.0,0.0
1999-08-04,11.75,12.16,11.72,11.85,268600,0.0,0.0
1999-08-05,11.88,11.88,11.47,11.69,100800,0.0,0.0
1999-08-06,11.72,11.94,11.69,11.94,51100,0.0,0.0
1999-08-09,11.94,12.38,11.88,12.25,132300,0.0,0.0
1999-08-10,12.19,12.19,11.72,12.0,92500,0.0,0.0
1999-08-11,11.44,11.44,10.32,10.7,916200,0.0,0.0
1999-08-12,10.79,11.1,10.73,10.98,245100,0.0,0.0
1999-08-13,11.01,11.1,10.42,10.67,450600,0.0,0.0
1999-08-16,10.7,10.7,10.45,10.67,199000,0.0,0.0
1999-08-17,10.7,10.76,10.64,10.67,69900,0.0,0.0
1999-08-18,10.64,10.64,10.23,10.32,76000,0.0,0.0
1999-08-19,10.23,10.29,10.14,10.26,109000,0.0,0.0
1999-08-20,10.23,10.45,10.23,10.45,50800,0.0,0.0
1999-08-23,10.39,10.88,10.36,10.85,152400,0.0,0.0
1999-08-24,10.85,11.16,10.82,11.01,204500,0.0,0.0
1999-08-25,10.98,11.01,10.6,10.7,167900,0.0,0.0
1999-08-26,10.73,10.85,10.51,10.73,67800,0.0,0.0
1999-08-27,10.79,10.85,10.48,10.54,282400,0.0,0.0
1999-08-30,10.51,10.51,10.29,10.32,90200,0.0,0.0
1999-08-31,10.32,10.7,10.32,10.7,303300,0.0,0.0
1999-09-01,10.76,10.92,10.67,10.88,204700,0.0,0.0
1999-09-02,10.88,10.88,10.26,10.36,135300,0.0,0.0
1999-09-03,10.42,10.79,10.42,10.79,77300,0.0,0.0
1999-09-07,10.73,10.76,10.51,10.57,113100,0.0,0.0
1999-09-08,10.51,10.6,10.39,10.45,49800,0.0,0.0
1999-09-09,10.45,10.45,10.29,10.29,117700,0.0,0.0
1999-09-10,10.57,10.64,10.45,10.45,80300,0.0,0.0
1999-09-13,10.48,10.73,10.42,10.7,52700,0.0,0.0
1999-09-14,10.7,10.7,10.42,10.42,107400,0.0,0.0
1999-09-15,10.48,10.57,10.39,10.42,63800,0.0,0.0
1999-09-16,10.45,10.45,10.04,10.2,60800,0.0,0.0
1999-09-17,10.23,10.23,9.92,9.95,80900,0.0,0.0
1999-09-20,9.83,9.92,9.61,9.89,172500,0.0,0.0
1999-09-21,9.95,9.95,9.64,9.67,192900,0.0,0.0
1999-09-22,9.7,9.76,9.67,9.67,311200,0.0,0.0
1999-09-23,9.67,9.7,9.48,9.52,111000,0.0,0.0
1999-09-24,9.58,9.58,9.45,9.52,177400,0.0,0.0
1999-09-27,9.52,9.73,9.52,9.52,210200,0.0,0.0
1999-09-28,9.52,9.52,9.02,9.02,307400,0.0,0.0
1999-09-29,9.02,9.42,9.02,9.39,292100,0.0,0.0
1999-09-30,9.33,9.48,8.96,9.11,631600,0.0,0.0
1999-10-01,9.14,9.17,8.89,8.96,1806800,0.0,0.0
1999-10-04,9.08,11.14,9.08,10.43,398100,0.0,1.8957345971563981
1999-10-05,10.43,10.55,10.14,10.26,354700,0.0,0.0
1999-10-06,10.32,10.49,10.2,10.26,178900,0.0,0.0
1999-10-07,10.32,10.73,10.32,10.73,314100,0.0,0.0
1999-10-08,10.67,10.91,10.61,10.79,128000,0.0,0.0
1999-10-11,10.73,11.2,10.67,10.91,39800,0.0,0.0
1999-10-12,10.91,11.17,10.26,10.32,147900,0.0,0.0
1999-10-13,10.32,10.38,9.9,10.38,129000,0.0,0.0
1999-10-14,10.49,11.55,10.38,11.38,135200,0.0,0.0
1999-10-15,11.5,11.5,11.2,11.44,133700,0.0,0.0
1999-10-18,11.44,11.44,10.85,10.91,119300,0.0,0.0
1999-10-19,10.97,11.08,10.38,10.49,106300,0.0,0.0
1999-10-20,10.61,10.61,10.08,10.38,173000,0.0,0.0
1999-10-21,10.26,10.38,10.14,10.32,93800,0.0,0.0
1999-10-22,10.43,11.02,10.43,10.97,220700,0.0,0.0
1999-10-25,10.91,10.91,10.49,10.67,51400,0.0,0.0
1999-10-26,10.67,10.91,10.61,10.85,68000,0.0,0.0
1999-10-27,10.85,10.85,10.55,10.67,102300,0.0,0.0
1999-10-28,10.58,10.94,10.46,10.94,93400,0.03,0.0
1999-10-29,10.88,10.94,10.64,10.76,72800,0.0,0.0
1999-11-01,10.88,11.29,10.88,10.94,49100,0.0,0.0
1999-11-02,10.94,10.99,10.88,10.99,86600,0.0,0.0
1999-11-03,10.94,10.94,10.7,10.88,34200,0.0,0.0
1999-11-04,10.88,10.94,10.4,10.82,44800,0.0,0.0
1999-11-05,10.76,10.82,10.46,10.76,26300,0.0,0.0
1999-11-08,10.88,10.88,10.52,10.64,129000,0.0,0.0
1999-11-09,10.82,10.82,10.58,10.7,93300,0.0,0.0
1999-11-10,10.58,10.76,10.46,10.7,41900,0.0,0.0
1999-11-11,10.64,10.7,10.52,10.64,42700,0.0,0.0
1999-11-12,10.52,10.94,10.4,10.88,126600,0.0,0.0
1999-11-15,10.76,10.88,10.7,10.88,44800,0.0,0.0
1999-11-16,10.88,11.35,10.88,11.35,72900,0.0,0.0
1999-11-17,11.29,11.53,11.17,11.41,52600,0.0,0.0
1999-11-18,11.47,11.7,11.35,11.64,66500,0.0,0.0
1999-11-19,11.59,11.64,11.41,11.47,22600,0.0,0.0
1999-11-22,11.47,11.47,11.05,11.11,44700,0.0,0.0
1999-11-23,11.17,11.17,10.64,10.7,78900,0.0,0.0
1999-11-24,10.58,10.7,10.28,10.58,149300,0.0,0.0
1999-11-26,10.52,10.52,10.4,10.46,4500,0.0,0.0
1999-11-29,10.34,10.46,9.93,10.46,71500,0.0,0.0
1999-11-30,10.46,10.52,10.28,10.34,112900,0.0,0.0
1999-12-01,10.23,10.34,9.81,10.17,132500,0.0,0.0
1999-12-02,10.17,10.17,9.81,9.93,329500,0.0,0.0
1999-12-03,9.93,10.46,9.93,10.4,189200,0.0,0.0
1999-12-06,10.28,10.28,9.87,9.87,347100,0.0,0.0
1999-12-07,9.93,9.93,9.4,9.81,186100,0.0,0.0
1999-12-08,9.81,9.81,9.22,9.22,55900,0.0,0.0
1999-12-09,9.34,9.46,9.28,9.28,72900,0.0,0.0
1999-12-10,9.28,9.28,8.98,9.1,77000,0.0,0.0
1999-12-13,9.22,9.46,9.04,9.28,129800,0.0,0.0
1999-12-14,9.22,9.4,9.22,9.28,142500,0.0,0.0
1999-12-15,9.34,9.4,9.04,9.28,68100,0.0,0.0
1999-12-16,9.16,9.34,9.16,9.22,123900,0.0,0.0
1999-12-17,9.1,9.16,8.87,8.87,160100,0.0,0.0
1999-12-20,8.87,8.87,8.63,8.63,191300,0.0,0.0
1999-12-21,8.51,8.51,7.21,8.33,191900,0.0,0.0
1999-12-22,8.39,8.45,8.04,8.28,196700,0.0,0.0
1999-12-23,8.16,8.33,8.1,8.33,73900,0.0,0.0
1999-12-27,8.33,9.69,8.22,9.69,337500,0.0,0.0
1999-12-28,9.58,9.63,8.81,8.81,152500,0.0,0.0
1999-12-29,8.87,9.4,8.81,8.81,106900,0.0,0.0
1999-12-30,8.93,8.93,8.51,8.69,102000,0.0,0.0
1999-12-31,8.81,9.34,8.57,9.34,44600,0.0,0.0
2000-01-03,9.34,9.34,8.51,8.81,215300,0.0,0.0
2000-01-04,8.93,8.93,8.1,8.22,104900,0.0,0.0
2000-01-05,8.22,8.28,7.98,8.04,264000,0.0,0.0
2000-01-06,8.04,8.04,7.92,7.98,149700,0.0,0.0
2000-01-07,8.04,8.16,7.98,8.04,141200,0.0,0.0
2000-01-10,8.04,8.04,7.98,8.04,156200,0.0,0.0
2000-01-11,8.04,8.1,7.92,8.04,250700,0.0,0.0
2000-01-12,8.04,8.04,7.92,7.98,195400,0.0,0.0
2000-01-13,8.04,8.1,7.39,7.51,913800,0.0,0.0
2000-01-14,7.51,7.98,7.45,7.74,2134700,0.0,0.0
2000-01-18,8.1,8.98,7.92,8.33,327900,0.0,0.0
2000-01-19,8.33,8.98,8.33,8.98,134300,0.0,0.0
2000-01-20,8.93,9.28,8.75,9.22,107100,0.0,0.0
2000-01-21,9.22,9.46,9.1,9.28,72800,0.0,0.0
2000-01-24,9.4,9.4,8.45,8.45,159500,0.0,0.0
2000-01-25,8.57,8.57,7.86,8.16,96600,0.0,0.0
2000-01-26,8.28,8.28,7.86,7.92,120700,0.0,0.0
2000-01-27,7.8,7.98,7.74,7.98,77500,0.0,0.0
2000-01-28,7.86,8.28,7.86,8.28,41000,0.0,0.0
2000-01-31,8.28,8.39,7.57,7.68,162100,0.0,0.0
2000-02-01,7.86,7.98,7.68,7.74,74500,0.0,0.0
2000-02-02,7.92,7.98,7.57,7.62,103000,0.0,0.0
2000-02-03,7.39,7.51,7.03,7.21,212200,0.0,0.0
2000-02-04,7.33,7.57,7.33,7.45,494200,0.0,0.0
2000-02-07,7.45,7.51,6.97,7.21,138700,0.0,0.0
2000-02-08,7.33,7.33,7.03,7.03,104800,0.0,0.0
2000-02-09,7.06,7.18,6.53,6.94,171900,0.03,0.0
2000-02-10,6.83,7.0,6.41,6.41,314300,0.0,0.0
2000-02-11,6.53,7.0,6.29,6.47,236500,0.0,0.0
2000-02-14,6.71,7.12,6.53,6.94,133300,0.0,0.0
2000-02-15,7.06,7.6,7.0,7.36,135400,0.0,0.0
2000-02-16,7.48,7.77,7.42,7.42,155100,0.0,0.0
2000-02-17,7.54,7.54,7.18,7.42,119900,0.0,0.0
2000-02-18,7.42,7.89,7.24,7.42,97300,0.0,0.0
2000-02-22,7.54,7.54,6.83,7.12,193400,0.0,0.0
2000-02-23,7.12,7.12,6.47,6.83,146000,0.0,0.0
2000-02-24,6.94,7.0,6.53,6.59,38800,0.0,0.0
2000-02-25,6.59,7.06,6.59,6.77,87100,0.0,0.0
2000-02-28,7.06,7.48,7.06,7.48,118600,0.0,0.0
2000-02-29,7.6,7.6,6.94,7.36,105700,0.0,0.0
2000-03-01,7.6,7.72,6.65,6.71,192400,0.0,0.0
2000-03-02,7.3,7.42,7.12,7.24,111800,0.0,0.0
2000-03-03,7.6,7.6,7.06,7.24,127300,0.0,0.0
2000-03-06,7.24,7.6,7.24,7.6,103100,0.0,0.0
2000-03-07,7.6,7.66,7.12,7.24,82200,0.0,0.0
2000-03-08,7.18,7.18,6.71,6.94,72300,0.0,0.0
2000-03-09,6.94,6.94,6.59,6.59,71500,0.0,0.0
2000-03-10,6.65,6.88,6.65,6.71,106100,0.0,0.0
2000-03-13,7.12,7.24,6.71,6.83,102600,0.0,0.0
2000-03-14,7.0,7.48,6.94,7.24,128300,0.0,0.0
2000-03-15,7.42,7.83,7.3,7.6,130800,0.0,0.0
2000-03-16,7.72,7.95,7.6,7.95,141400,0.0,0.0
2000-03-17,7.89,8.01,7.6,7.77,127300,0.0,0.0
2000-03-20,7.24,7.89,7.24,7.77,150300,0.0,0.0
2000-03-21,7.66,7.66,7.6,7.6,83300,0.0,0.0
2000-03-22,7.66,7.72,7.6,7.6,68500,0.0,0.0
2000-03-23,7.42,7.72,7.42,7.66,86600,0.0,0.0
2000-03-24,7.6,7.89,7.6,7.89,248200,0.0,0.0
2000-03-27,7.89,8.19,7.83,8.19,182500,0.0,0.0
2000-03-28,8.07,8.19,7.95,8.19,171200,0.0,0.0
2000-03-29,8.13,8.43,8.07,8.31,51200,0.0,0.0
2000-03-30,8.19,8.64,8.13,8.43,108500,0.0,0.0
2000-03-31,8.31,8.43,7.36,7.36,161800,0.0,0.0
2000-04-03,7.36,7.95,7.36,7.95,144800,0.0,0.0
2000-04-04,7.89,8.19,7.72,8.01,118300,0.0,0.0
2000-04-05,8.07,8.13,7.89,8.13,53200,0.0,0.0
2000-04-06,8.01,8.25,8.01,8.13,56900,0.0,0.0
2000-04-07,8.13,8.13,8.01,8.13,35100,0.0,0.0
2000-04-10,8.37,8.43,8.13,8.25,26300,0.0,0.0
2000-04-11,8.31,8.31,7.66,7.72,64500,0.0,0.0
2000-04-12,7.95,8.13,7.95,8.07,52700,0.0,0.0
2000-04-13,7.95,8.25,7.66,8.19,90000,0.0,0.0
2000-04-14,7.95,8.31,7.83,8.01,71700,0.0,0.0
2000-04-17,7.89,8.31,7.72,8.31,96600,0.0,0.0
2000-04-18,8.31,8.78,8.25,8.31,359900,0.0,0.0
2000-04-19,8.19,8.43,8.19,8.37,25900,0.0,0.0
2000-04-20,8.37,8.78,8.31,8.49,224000,0.0,0.0
2000-04-24,8.37,8.78,8.37,8.72,409800,0.0,0.0
2000-04-25,8.78,9.38,8.78,9.26,285000,0.0,0.0
2000-04-26,9.38,9.44,9.26,9.32,170000,0.0,0.0
2000-04-27,9.29,9.52,9.17,9.52,114700,0.03,0.0
2000-04-28,9.52,9.64,9.47,9.58,84400,0.0,0.0
2000-05-01,9.41,9.52,9.23,9.35,190200,0.0,0.0
2000-05-02,9.23,9.29,9.17,9.23,64500,0.0,0.0
2000-05-03,9.23,9.23,8.81,9.11,76800,0.0,0.0
2000-05-04,9.05,9.52,9.05,9.47,97100,0.0,0.0
2000-05-05,9.47,9.82,9.41,9.82,147300,0.0,0.0
2000-05-08,9.7,9.94,9.58,9.94,73600,0.0,0.0
2000-05-09,9.82,10.3,9.47,10.06,135000,0.0,0.0
2000-05-10,10.06,10.06,9.58,9.7,41300,0.0,0.0
2000-05-11,9.47,9.88,9.29,9.88,77100,0.0,0.0
2000-05-12,9.76,9.82,9.64,9.64,47900,0.0,0.0
2000-05-15,9.52,9.76,9.23,9.64,57300,0.0,0.0
2000-05-16,9.58,9.7,9.41,9.7,60500,0.0,0.0
2000-05-17,9.52,9.58,9.29,9.52,20000,0.0,0.0
2000-05-18,9.47,9.52,9.35,9.35,58100,0.0,0.0
2000-05-19,9.47,9.47,9.29,9.41,27800,0.0,0.0
2000-05-22,9.35,9.41,9.23,9.29,38900,0.0,0.0
2000-05-23,9.29,9.47,9.17,9.17,52000,0.0,0.0
2000-05-24,9.17,9.17,8.99,9.17,79000,0.0,0.0
2000-05-25,9.17,9.29,8.87,9.17,54400,0.0,0.0
2000-05-26,9.05,9.52,8.81,9.47,91000,0.0,0.0
2000-05-30,9.47,9.52,9.23,9.47,65500,0.0,0.0
2000-05-31,9.35,9.58,9.35,9.52,49900,0.0,0.0
2000-06-01,9.29,9.52,8.87,8.87,114500,0.0,0.0
2000-06-02,8.93,9.05,8.69,8.69,38300,0.0,0.0
2000-06-05,8.75,8.81,8.27,8.57,54500,0.0,0.0
2000-06-06,8.63,8.99,8.51,8.57,117300,0.0,0.0
2000-06-07,8.57,8.57,8.33,8.57,62400,0.0,0.0
2000-06-08,8.51,8.51,8.1,8.22,35600,0.0,0.0
2000-06-09,8.27,8.27,7.62,7.98,74000,0.0,0.0
2000-06-12,7.98,8.22,7.5,8.1,203400,0.0,0.0
2000-06-13,8.04,8.04,7.5,7.74,150500,0.0,0.0
2000-06-14,7.8,7.92,7.68,7.68,35300,0.0,0.0
2000-06-15,7.68,7.8,7.26,7.38,68700,0.0,0.0
2000-06-16,7.5,7.98,7.5,7.56,90700,0.0,0.0
2000-06-19,7.62,7.62,7.44,7.62,20700,0.0,0.0
2000-06-20,7.56,7.56,7.26,7.44,58900,0.0,0.0
2000-06-21,7.26,7.62,7.02,7.56,182700,0.0,0.0
2000-06-22,7.62,7.62,7.26,7.32,117800,0.0,0.0
2000-06-23,7.14,7.62,7.08,7.56,166400,0.0,0.0
2000-06-26,7.62,7.68,7.44,7.56,148400,0.0,0.0
2000-06-27,7.62,7.62,7.38,7.62,28700,0.0,0.0
2000-06-28,7.62,7.62,7.56,7.62,52000,0.0,0.0
2000-06-29,7.62,7.62,7.32,7.38,31100,0.0,0.0
2000-06-30,7.38,7.62,7.32,7.62,71600,0.0,0.0
2000-07-03,7.56,7.98,7.56,7.98,73600,0.0,0.0
2000-07-05,8.22,8.22,7.62,7.62,139600,0.0,0.0
2000-07-06,7.74,7.86,7.62,7.62,78700,0.0,0.0
2000-07-07,7.68,7.74,7.32,7.62,26400,0.0,0.0
2000-07-10,7.5,7.74,7.38,7.74,124200,0.0,0.0
2000-07-11,7.8,7.86,7.62,7.68,54100,0.0,0.0
2000-07-12,7.62,8.16,7.62,8.1,88900,0.0,0.0
2000-07-13,8.04,8.69,7.98,8.57,42600,0.0,0.0
2000-07-14,8.57,8.69,8.39,8.45,63800,0.0,0.0
2000-07-17,8.45,8.69,8.33,8.51,43700,0.0,0.0
2000-07-18,8.63,8.69,7.98,8.22,51300,0.0,0.0
2000-07-19,8.33,8.81,8.27,8.45,80200,0.0,0.0
2000-07-20,8.39,8.51,8.22,8.39,13900,0.0,0.0
2000-07-21,8.45,8.57,7.98,7.98,18200,0.0,0.0
2000-07-24,8.1,8.1,7.74,7.86,72400,0.0,0.0
2000-07-25,7.98,8.1,7.62,8.04,41000,0.0,0.0
2000-07-26,8.1,8.1,7.68,8.1,43600,0.0,0.0
2000-07-27,7.98,8.33,7.74,8.33,33100,0.0,0.0
2000-07-28,8.24,8.24,7.17,7.29,140900,0.03,0.0
2000-07-31,7.17,7.65,7.17,7.59,97400,0.0,0.0
2000-08-01,7.59,7.59,7.11,7.17,36600,0.0,0.0
2000-08-02,7.17,7.29,6.69,6.93,159900,0.0,0.0
2000-08-03,6.81,6.81,6.63,6.69,211300,0.0,0.0
2000-08-04,6.51,6.93,6.51,6.69,276200,0.0,0.0
2000-08-07,6.81,7.11,6.81,6.93,93400,0.0,0.0
2000-08-08,6.93,7.17,6.93,7.05,293900,0.0,0.0
2000-08-09,7.11,7.17,6.93,6.99,388400,0.0,0.0
2000-08-10,7.11,7.11,6.99,6.99,64100,0.0,0.0
2000-08-11,7.11,7.11,6.75,6.93,89200,0.0,0.0
2000-08-14,7.05,7.05,6.81,7.05,114600,0.0,0.0
2000-08-15,7.17,7.17,6.87,6.87,50700,0.0,0.0
2000-08-16,6.87,6.99,6.87,6.93,25200,0.0,0.0
2000-08-17,6.99,7.05,6.81,6.87,404100,0.0,0.0
2000-08-18,6.75,6.81,6.57,6.57,134800,0.0,0.0
2000-08-21,6.81,7.05,6.81,6.99,337100,0.0,0.0
2000-08-22,7.11,7.11,6.57,6.69,305600,0.0,0.0
2000-08-23,6.81,6.93,6.75,6.81,340400,0.0,0.0
2000-08-24,6.75,6.93,6.75,6.75,131900,0.0,0.0
2000-08-25,6.75,6.81,6.63,6.75,125300,0.0,0.0
2000-08-28,6.81,6.81,6.69,6.69,77900,0.0,0.0
2000-08-29,6.69,6.81,6.69,6.81,87500,0.0,0.0
2000-08-30,6.69,6.93,6.69,6.75,515100,0.0,0.0
2000-08-31,6.81,7.05,6.81,6.99,248500,0.0,0.0
2000-09-01,6.99,7.05,6.81,6.99,150900,0.0,0.0
2000-09-05,7.17,7.53,7.11,7.47,640300,0.0,0.0
2000-09-06,7.47,7.53,7.23,7.47,195100,0.0,0.0
2000-09-07,7.88,7.88,7.53,7.65,115900,0.0,0.0
2000-09-08,7.77,7.83,7.47,7.65,117300,0.0,0.0
2000-09-11,7.77,7.77,7.53,7.53,27700,0.0,0.0
2000-09-12,7.53,7.88,7.29,7.65,208100,0.0,0.0
2000-09-13,7.65,8.42,7.65,8.24,210800,0.0,0.0
2000-09-14,8.6,8.84,8.6,8.72,215100,0.0,0.0
2000-09-15,9.02,9.5,8.96,9.14,265700,0.0,0.0
2000-09-18,9.2,9.2,8.24,8.36,133700,0.0,0.0
2000-09-19,8.48,8.48,7.94,8.0,115400,0.0,0.0
2000-09-20,8.06,8.6,7.94,8.48,109000,0.0,0.0
2000-09-21,8.48,8.72,8.3,8.36,43400,0.0,0.0
2000-09-22,8.3,8.3,7.88,8.12,56300,0.0,0.0
2000-09-25,8.12,8.6,8.12,8.54,52900,0.0,0.0
2000-09-26,8.48,8.54,7.88,7.88,107000,0.0,0.0
2000-09-27,8.0,8.12,7.94,7.94,65300,0.0,0.0
2000-09-28,7.94,8.0,7.59,7.77,95400,0.0,0.0
2000-09-29,7.77,7.83,7.59,7.77,140000,0.0,0.0
2000-10-02,7.77,8.36,7.71,8.0,135900,0.0,0.0
2000-10-03,8.06,8.36,7.83,7.94,79000,0.0,0.0
2000-10-04,8.06,8.12,7.71,7.77,61500,0.0,0.0
2000-10-05,7.77,8.0,7.77,7.88,25500,0.0,0.0
2000-10-06,7.88,8.12,7.88,7.94,62500,0.0,0.0
2000-10-09,8.12,8.54,7.88,8.54,47200,0.0,0.0
2000-10-10,8.42,8.54,8.18,8.42,156000,0.0,0.0
2000-10-11,8.42,8.48,8.0,8.06,71700,0.0,0.0
2000-10-12,8.0,8.18,7.65,7.71,75800,0.0,0.0
2000-10-13,7.71,7.77,7.29,7.77,124000,0.0,0.0
2000-10-16,7.88,8.12,7.77,8.12,50200,0.0,0.0
2000-10-17,8.24,8.24,7.77,8.12,64600,0.0,0.0
2000-10-18,7.88,7.88,7.71,7.83,31100,0.0,0.0
2000-10-19,7.71,7.88,7.65,7.71,89500,0.0,0.0
2000-10-20,7.71,7.77,7.59,7.59,69500,0.0,0.0
2000-10-23,7.65,7.71,7.47,7.65,151100,0.0,0.0
2000-10-24,7.65,7.71,7.59,7.71,113800,0.0,0.0
2000-10-25,7.77,7.77,7.05,7.35,236600,0.0,0.0
2000-10-26,7.35,7.59,7.35,7.53,239000,0.0,0.0
2000-10-27,7.53,7.77,7.53,7.65,145000,0.0,0.0
2000-10-30,7.67,8.33,7.67,8.09,104200,0.03,0.0
2000-10-31,7.97,8.21,7.85,8.03,105400,0.0,0.0
2000-11-01,8.03,8.03,7.61,7.61,135000,0.0,0.0
2000-11-02,7.67,7.79,7.49,7.67,108800,0.0,0.0
2000-11-03,7.79,8.03,7.79,8.03,38100,0.0,0.0
2000-11-06,8.39,8.57,8.21,8.57,76900,0.0,0.0
2000-11-07,8.27,8.33,7.79,8.03,133500,0.0,0.0
2000-11-08,8.15,8.21,7.55,7.55,61100,0.0,0.0
2000-11-09,7.55,7.73,7.49,7.67,52400,0.0,0.0
2000-11-10,7.55,7.61,7.26,7.55,37700,0.0,0.0
2000-11-13,7.43,7.61,7.2,7.61,67000,0.0,0.0
2000-11-14,7.55,8.45,7.55,8.21,110500,0.0,0.0
2000-11-15,8.21,8.21,7.91,7.97,88300,0.0,0.0
2000-11-16,8.21,8.27,8.03,8.15,58700,0.0,0.0
2000-11-17,8.39,8.39,7.85,7.91,44000,0.0,0.0
2000-11-20,7.79,8.21,7.61,7.61,130500,0.0,0.0
2000-11-21,7.32,7.73,7.32,7.73,112500,0.0,0.0
2000-11-22,7.79,7.79,7.55,7.79,40800,0.0,0.0
2000-11-24,7.67,7.79,7.67,7.79,32200,0.0,0.0
2000-11-27,8.03,8.15,7.97,7.97,56700,0.0,0.0
2000-11-28,8.03,8.03,7.43,7.61,187600,0.0,0.0
2000-11-29,7.61,7.61,7.38,7.55,111000,0.0,0.0
2000-11-30,7.43,7.85,7.43,7.67,83300,0.0,0.0
2000-12-01,7.55,7.91,7.55,7.79,23600,0.0,0.0
2000-12-04,7.43,7.79,7.32,7.67,107600,0.0,0.0
2000-12-05,7.79,7.91,7.55,7.79,148400,0.0,0.0
2000-12-06,7.79,7.82,7.73,7.79,33400,0.0,0.0
2000-12-07,7.67,7.67,7.61,7.67,26800,0.0,0.0
2000-12-08,7.67,7.67,7.55,7.67,50000,0.0,0.0
2000-12-11,7.85,8.57,7.79,8.57,195200,0.0,0.0
2000-12-12,8.57,8.63,8.45,8.51,55500,0.0,0.0
2000-12-13,8.51,8.51,8.09,8.39,89300,0.0,0.0
2000-12-14,8.39,8.57,8.15,8.33,122100,0.0,0.0
2000-12-15,8.27,8.39,8.09,8.39,42600,0.0,0.0
2000-12-18,8.39,8.39,7.85,7.97,93500,0.0,0.0
2000-12-19,7.97,8.03,7.49,7.49,98200,0.0,0.0
2000-12-20,7.38,7.79,7.38,7.79,217100,0.0,0.0
2000-12-21,7.55,7.67,7.38,7.67,51100,0.0,0.0
2000-12-22,7.79,8.09,7.79,8.03,59500,0.0,0.0
2000-12-26,8.03,8.27,8.03,8.15,44800,0.0,0.0
2000-12-27,8.21,8.99,8.09,8.99,103700,0.0,0.0
2000-12-28,8.75,9.35,8.69,9.11,143600,0.0,0.0
2000-12-29,9.23,9.41,9.23,9.23,82900,0.0,0.0
2001-01-02,9.11,9.29,9.11,9.29,37000,0.0,0.0
2001-01-03,9.35,9.35,8.93,9.23,54400,0.0,0.0
2001-01-04,9.17,9.17,8.93,9.11,94900,0.0,0.0
2001-01-05,8.99,9.47,8.93,9.17,118100,0.0,0.0
2001-01-08,9.05,9.53,9.05,9.41,27100,0.0,0.0
2001-01-09,9.53,9.53,8.75,8.75,50000,0.0,0.0
2001-01-10,8.75,9.53,8.75,9.41,49600,0.0,0.0
2001-01-11,9.47,9.47,9.05,9.11,60600,0.0,0.0
2001-01-12,9.23,9.53,9.17,9.41,39400,0.0,0.0
2001-01-16,9.41,10.01,9.35,10.01,110700,0.0,0.0
2001-01-17,10.01,10.01,9.53,9.53,72800,0.0,0.0
2001-01-18,9.47,9.59,8.93,9.17,46100,0.0,0.0
2001-01-19,9.11,9.47,9.11,9.47,65600,0.0,0.0
2001-01-22,9.35,9.95,9.35,9.77,102800,0.0,0.0
2001-01-23,9.83,10.37,9.83,10.31,92600,0.0,0.0
2001-01-24,10.19,10.31,9.95,10.13,36300,0.0,0.0
2001-01-25,10.13,10.13,9.83,9.83,14600,0.0,0.0
2001-01-26,9.59,9.77,9.53,9.77,25900,0.0,0.0
2001-01-29,9.83,10.09,9.8,10.09,71800,0.0,0.0
2001-01-30,10.19,10.2,10.01,10.1,31400,0.03,0.0
2001-01-31,10.19,10.19,9.93,10.15,28900,0.0,0.0
2001-02-01,10.1,10.34,9.86,10.34,66700,0.0,0.0
2001-02-02,10.34,10.55,10.34,10.4,38900,0.0,0.0
2001-02-05,10.5,10.79,10.47,10.72,63300,0.0,0.0
2001-02-06,10.81,11.5,10.78,11.3,94800,0.0,0.0
2001-02-07,11.26,11.3,10.65,10.92,99800,0.0,0.0
2001-02-08,10.97,11.48,10.97,11.24,128700,0.0,0.0
2001-02-09,11.26,11.44,10.58,10.82,40700,0.0,0.0
2001-02-12,10.87,11.79,10.87,11.55,135400,0.0,0.0
2001-02-13,11.55,11.74,11.06,11.11,171100,0.0,0.0
2001-02-14,11.21,12.27,11.21,12.01,108500,0.0,0.0
2001-02-15,12.03,12.09,11.67,12.03,112300,0.0,0.0
2001-02-16,12.03,12.03,11.24,11.55,58300,0.0,0.0
2001-02-20,11.64,12.08,11.64,11.98,76200,0.0,0.0
2001-02-21,12.03,12.03,11.61,11.64,67600,0.0,0.0
2001-02-22,11.74,11.83,11.26,11.41,38700,0.0,0.0
2001-02-23,11.55,11.64,11.4,11.55,43700,0.0,0.0
2001-02-26,11.55,11.7,11.55,11.59,60900,0.0,0.0
2001-02-27,11.56,11.88,11.52,11.59,279600,0.0,0.0
2001-02-28,11.69,11.69,11.45,11.55,74200,0.0,0.0
2001-03-01,11.55,11.57,11.26,11.49,46600,0.0,0.0
2001-03-02,11.5,11.74,11.45,11.59,47500,0.0,0.0
2001-03-05,11.64,11.81,11.5,11.55,102400,0.0,0.0
2001-03-06,11.5,11.65,11.06,11.26,110000,0.0,0.0
2001-03-07,11.29,11.45,11.26,11.26,84700,0.0,0.0
2001-03-08,11.35,11.38,11.06,11.26,95300,0.0,0.0
2001-03-09,11.3,11.33,11.14,11.33,28900,0.0,0.0
2001-03-12,11.33,11.35,10.88,10.88,58000,0.0,0.0
2001-03-13,10.98,11.06,10.71,11.05,34300,0.0,0.0
2001-03-14,11.04,11.04,10.73,10.73,48000,0.0,0.0
2001-03-15,10.75,10.75,10.43,10.58,103000,0.0,0.0
2001-03-16,10.63,10.73,10.39,10.39,60600,0.0,0.0
2001-03-19,10.29,11.21,9.91,11.21,78800,0.0,0.0
2001-03-20,11.26,11.3,11.02,11.08,31800,0.0,0.0
2001-03-21,11.1,11.1,10.22,10.29,78300,0.0,0.0
2001-03-22,10.29,10.68,9.87,10.11,86300,0.0,0.0
2001-03-23,10.21,10.68,10.21,10.53,41600,0.0,0.0
2001-03-26,10.63,10.7,10.34,10.53,95000,0.0,0.0
2001-03-27,10.63,11.06,10.63,11.06,43400,0.0,0.0
2001-03-28,11.08,11.08,10.05,10.05,65900,0.0,0.0
2001-03-29,10.1,10.13,9.62,9.72,96400,0.0,0.0
2001-03-30,9.81,10.22,9.67,10.22,78200,0.0,0.0
2001-04-02,10.22,10.22,9.87,9.88,49300,0.0,0.0
2001-04-03,9.98,10.06,9.91,10.06,43700,0.0,0.0
2001-04-04,9.97,9.98,9.54,9.68,88900,0.0,0.0
2001-04-05,9.77,9.86,9.57,9.86,88800,0.0,0.0
2001-04-06,9.88,9.88,9.62,9.69,31600,0.0,0.0
2001-04-09,9.78,10.11,9.77,10.11,15800,0.0,0.0
2001-04-10,10.02,10.58,9.82,10.58,63100,0.0,0.0
2001-04-11,10.53,10.59,10.1,10.1,31900,0.0,0.0
2001-04-12,10.09,10.15,9.91,10.04,29000,0.0,0.0
2001-04-16,10.25,10.41,10.05,10.34,23500,0.0,0.0
2001-04-17,10.28,10.36,10.15,10.15,49400,0.0,0.0
2001-04-18,10.2,10.99,10.2,10.59,93300,0.0,0.0
2001-04-19,10.6,10.78,10.6,10.69,38800,0.0,0.0
2001-04-20,10.79,11.64,10.79,11.55,474200,0.0,0.0
2001-04-23,11.64,11.88,11.55,11.8,104000,0.0,0.0
2001-04-24,11.89,12.02,11.81,11.98,94100,0.0,0.0
2001-04-25,12.01,12.01,11.42,11.52,67000,0.0,0.0
2001-04-26,11.56,11.83,11.51,11.55,141800,0.0,0.0
2001-04-27,11.75,11.77,11.55,11.68,41800,0.03,0.0
2001-04-30,11.72,11.77,11.48,11.59,70000,0.0,0.0
2001-05-01,11.69,11.82,11.67,11.77,48900,0.0,0.0
2001-05-02,11.77,11.77,11.56,11.74,95800,0.0,0.0
2001-05-03,11.77,11.91,11.57,11.57,60700,0.0,0.0
2001-05-04,11.67,11.67,11.15,11.28,70900,0.0,0.0
2001-05-07,11.19,11.38,11.11,11.24,119600,0.0,0.0
2001-05-08,11.24,11.67,11.24,11.57,90100,0.0,0.0
2001-05-09,11.38,11.57,11.33,11.57,35600,0.0,0.0
2001-05-10,11.38,11.61,11.3,11.57,64900,0.0,0.0
2001-05-11,11.57,11.63,11.34,11.48,71600,0.0,0.0
2001-05-14,11.48,11.62,11.34,11.52,33700,0.0,0.0
2001-05-15,11.53,11.55,11.43,11.48,66000,0.0,0.0
2001-05-16,11.48,11.71,11.45,11.53,90600,0.0,0.0
2001-05-17,11.53,11.54,11.48,11.51,57900,0.0,0.0
2001-05-18,11.24,11.57,11.24,11.53,46200,0.0,0.0
2001-05-21,11.53,11.69,11.41,11.62,61300,0.0,0.0
2001-05-22,11.61,11.63,11.43,11.43,87100,0.0,0.0
2001-05-23,11.43,11.43,10.71,11.0,74900,0.0,0.0
2001-05-24,11.0,11.04,10.71,10.71,80500,0.0,0.0
2001-05-25,10.8,11.09,10.66,10.96,122700,0.0,0.0
2001-05-29,11.05,11.38,11.04,11.14,185800,0.0,0.0
2001-05-30,11.19,11.35,11.11,11.28,40700,0.0,0.0
2001-05-31,11.28,11.33,11.16,11.28,61900,0.0,0.0
2001-06-01,11.18,11.43,11.1,11.34,42900,0.0,0.0
2001-06-04,11.44,11.85,11.38,11.82,171100,0.0,0.0
2001-06-05,11.82,11.95,11.71,11.9,159500,0.0,0.0
2001-06-06,11.9,11.9,11.38,11.38,156200,0.0,0.0
2001-06-07,11.38,11.96,11.14,11.75,437200,0.0,0.0
2001-06-08,11.74,12.53,11.62,12.53,196200,0.0,0.0
2001-06-11,12.54,13.18,12.54,12.79,531200,0.0,0.0
2001-06-12,12.97,13.5,12.54,13.5,385400,0.0,0.0
2001-06-13,13.02,13.69,13.01,13.41,488000,0.0,0.0
2001-06-14,13.41,13.41,12.6,12.77,235300,0.0,0.0
2001-06-15,12.54,13.02,12.02,13.02,260300,0.0,0.0
2001-06-18,13.12,13.17,12.49,12.59,115600,0.0,0.0
2001-06-19,12.65,12.89,12.35,12.59,96400,0.0,0.0
2001-06-20,12.54,12.64,12.1,12.54,139900,0.0,0.0
2001-06-21,12.54,12.74,12.33,12.68,136800,0.0,0.0
2001-06-22,12.68,12.68,12.06,12.06,60500,0.0,0.0
2001-06-25,12.15,12.15,11.48,11.48,139900,0.0,0.0
2001-06-26,11.48,11.48,11.07,11.3,193500,0.0,0.0
2001-06-27,11.4,11.95,11.38,11.95,104300,0.0,0.0
2001-06-28,12.0,12.3,11.68,11.98,105800,0.0,0.0
2001-06-29,12.08,12.54,12.0,12.35,106800,0.0,0.0
2001-07-02,12.44,13.74,12.39,13.7,292900,0.0,0.0
2001-07-03,13.6,13.6,12.83,13.22,138100,0.0,0.0
2001-07-05,13.29,13.5,13.21,13.26,88200,0.0,0.0
2001-07-06,13.26,13.41,12.76,12.86,50600,0.0,0.0
2001-07-09,12.76,13.02,12.73,12.83,72700,0.0,0.0
2001-07-10,12.73,12.73,12.35,12.54,124900,0.0,0.0
2001-07-11,12.54,12.54,12.26,12.49,109400,0.0,0.0
2001-07-12,12.39,12.79,12.2,12.63,71900,0.0,0.0
2001-07-13,12.72,12.82,12.44,12.67,33300,0.0,0.0
2001-07-16,12.59,12.73,12.44,12.45,73500,0.0,0.0
2001-07-17,12.44,13.12,12.44,13.12,95400,0.0,0.0
2001-07-18,13.12,13.12,12.74,12.8,29100,0.0,0.0
2001-07-19,12.83,12.9,12.77,12.82,30900,0.0,0.0
2001-07-20,12.88,13.12,12.73,13.02,47000,0.0,0.0
2001-07-23,13.07,13.07,12.49,12.64,178700,0.0,0.0
2001-07-24,12.73,12.81,12.57,12.81,75900,0.0,0.0
2001-07-25,12.78,12.78,12.1,12.51,68900,0.0,0.0
2001-07-26,12.49,12.73,12.34,12.59,53700,0.0,0.0
2001-07-27,12.59,13.02,12.49,13.01,62700,0.0,0.0
2001-07-30,13.04,13.19,12.78,13.15,34800,0.03,0.0
2001-07-31,13.11,13.24,12.86,12.91,62900,0.0,0.0
2001-08-01,12.88,13.28,12.8,13.2,57900,0.0,0.0
2001-08-02,13.17,13.19,12.66,12.95,33200,0.0,0.0
2001-08-03,12.95,12.99,12.64,12.76,58400,0.0,0.0
2001-08-06,12.77,13.11,12.7,12.94,48500,0.0,0.0
2001-08-07,13.0,13.29,12.87,13.29,112700,0.0,0.0
2001-08-08,13.29,13.41,12.86,13.0,56000,0.0,0.0
2001-08-09,13.03,13.03,12.78,12.9,42500,0.0,0.0
2001-08-10,12.86,13.0,12.6,12.86,41600,0.0,0.0
2001-08-13,12.9,13.19,12.9,13.07,25100,0.0,0.0
2001-08-14,13.08,13.39,13.0,13.36,46500,0.0,0.0
2001-08-15,13.29,13.29,11.6,11.68,311900,0.0,0.0
2001-08-16,11.41,11.5,10.15,11.26,250700,0.0,0.0
2001-08-17,11.26,11.34,10.83,11.29,82400,0.0,0.0
2001-08-20,11.29,11.68,11.01,11.68,59700,0.0,0.0
2001-08-21,11.67,11.82,11.6,11.65,61500,0.0,0.0
2001-08-22,11.74,11.89,11.55,11.89,99100,0.0,0.0
2001-08-23,11.79,12.08,11.79,11.91,129600,0.0,0.0
2001-08-24,11.99,12.18,11.85,12.13,53200,0.0,0.0
2001-08-27,12.1,12.56,12.09,12.28,62900,0.0,0.0
2001-08-28,12.37,12.37,12.22,12.23,74900,0.0,0.0
2001-08-29,12.23,12.47,12.08,12.47,70200,0.0,0.0
2001-08-30,12.42,12.52,12.18,12.28,49400,0.0,0.0
2001-08-31,12.32,12.32,11.99,11.99,122900,0.0,0.0
2001-09-04,12.03,12.71,12.03,12.66,84900,0.0,0.0
2001-09-05,12.76,12.76,12.37,12.45,28300,0.0,0.0
2001-09-06,12.45,12.48,12.12,12.12,29900,0.0,0.0
2001-09-07,12.18,12.23,12.03,12.04,55700,0.0,0.0
2001-09-10,11.99,11.99,11.5,11.5,83500,0.0,0.0
2001-09-17,11.5,12.81,11.12,12.42,327200,0.0,0.0
2001-09-18,12.47,12.57,12.18,12.38,90300,0.0,0.0
2001-09-19,12.38,12.56,12.32,12.32,332900,0.0,0.0
2001-09-20,12.03,12.03,10.97,11.08,71100,0.0,0.0
2001-09-21,10.87,11.12,10.54,11.06,81100,0.0,0.0
2001-09-24,11.16,11.41,11.16,11.41,80000,0.0,0.0
2001-09-25,11.41,11.74,11.41,11.71,87400,0.0,0.0
2001-09-26,11.74,11.79,11.12,11.13,54300,0.0,0.0
2001-09-27,11.13,11.21,10.44,10.58,254100,0.0,0.0
2001-09-28,10.83,10.97,10.83,10.96,131900,0.0,0.0
2001-10-01,10.96,10.96,10.57,10.91,64200,0.0,0.0
2001-10-02,11.01,11.01,10.65,10.91,118900,0.0,0.0
2001-10-03,10.92,11.5,10.87,11.49,346700,0.0,0.0
2001-10-04,11.5,11.6,11.36,11.51,302700,0.0,0.0
2001-10-05,11.5,11.57,11.04,11.53,52500,0.0,0.0
2001-10-08,11.54,12.47,11.42,12.03,119900,0.0,0.0
2001-10-09,12.08,12.08,11.94,11.94,114400,0.0,0.0
2001-10-10,11.99,12.08,11.94,11.99,155400,0.0,0.0
2001-10-11,12.02,12.47,11.99,12.44,169600,0.0,0.0
2001-10-12,12.47,12.47,12.36,12.38,128200,0.0,0.0
2001-10-15,12.45,12.45,12.18,12.32,145500,0.0,0.0
2001-10-16,12.32,12.32,12.0,12.08,72500,0.0,0.0
2001-10-17,12.03,12.22,11.6,12.22,174000,0.0,0.0
2001-10-18,12.21,12.32,11.98,11.99,48300,0.0,0.0
2001-10-19,12.03,12.13,11.79,11.94,27900,0.0,0.0
2001-10-22,11.87,12.16,11.79,12.06,54000,0.0,0.0
2001-10-23,11.99,12.18,11.79,11.92,24800,0.0,0.0
2001-10-24,11.82,11.92,11.65,11.77,58300,0.0,0.0
2001-10-25,11.87,12.12,11.84,12.07,53900,0.0,0.0
2001-10-26,12.03,12.08,11.65,11.77,100200,0.0,0.0
2001-10-29,11.87,11.94,11.5,11.62,73100,0.0,0.0
2001-10-30,11.66,11.72,11.45,11.55,63700,0.03,0.0
2001-10-31,11.65,11.85,11.51,11.53,80500,0.0,0.0
2001-11-01,11.53,11.76,11.46,11.66,50400,0.0,0.0
2001-11-02,11.66,11.7,11.36,11.45,85300,0.0,0.0
2001-11-05,11.48,11.86,11.48,11.8,71400,0.0,0.0
2001-11-06,11.8,12.16,11.77,12.02,82200,0.0,0.0
2001-11-07,11.97,12.38,11.91,11.91,42800,0.0,0.0
2001-11-08,11.73,11.82,11.58,11.66,84400,0.0,0.0
2001-11-09,11.73,12.21,11.73,12.03,60100,0.0,0.0
2001-11-12,12.03,12.03,11.53,11.58,63500,0.0,0.0
2001-11-13,11.68,11.97,11.68,11.96,22100,0.0,0.0
2001-11-14,11.86,11.97,11.53,11.92,54800,0.0,0.0
2001-11-15,11.92,12.32,11.85,12.19,50800,0.0,0.0
2001-11-16,12.14,12.3,12.13,12.3,34500,0.0,0.0
2001-11-19,12.29,12.31,12.21,12.31,151100,0.0,0.0
2001-11-20,12.4,12.58,12.21,12.33,98800,0.0,0.0
2001-11-21,12.33,12.33,11.92,11.92,79000,0.0,0.0
2001-11-23,11.93,12.19,11.93,12.19,14700,0.0,0.0
2001-11-26,12.09,12.31,11.9,11.9,95000,0.0,0.0
2001-11-27,11.92,12.06,11.73,11.82,55700,0.0,0.0
2001-11-28,11.92,12.15,11.71,12.11,27500,0.0,0.0
2001-11-29,12.11,12.6,12.06,12.59,78700,0.0,0.0
2001-11-30,12.5,12.6,12.27,12.36,46700,0.0,0.0
2001-12-03,12.26,12.26,12.0,12.0,31200,0.0,0.0
2001-12-04,12.02,12.58,12.02,12.55,26900,0.0,0.0
2001-12-05,12.5,12.69,12.5,12.51,69000,0.0,0.0
2001-12-06,12.55,12.7,12.55,12.67,59800,0.0,0.0
2001-12-07,12.6,12.79,12.4,12.6,76500,0.0,0.0
2001-12-10,12.5,12.6,12.22,12.23,27900,0.0,0.0
2001-12-11,12.31,12.38,12.05,12.21,43600,0.0,0.0
2001-12-12,12.5,12.84,12.32,12.69,56800,0.0,0.0
2001-12-13,12.65,13.03,12.52,12.99,86300,0.0,0.0
2001-12-14,12.79,13.43,12.79,13.43,112300,0.0,0.0
2001-12-17,13.43,14.05,13.38,14.05,138000,0.0,0.0
2001-12-18,14.0,14.1,13.52,13.81,107300,0.0,0.0
2001-12-19,13.8,13.8,13.47,13.57,40900,0.0,0.0
2001-12-20,13.66,13.71,13.37,13.55,64900,0.0,0.0
2001-12-21,13.45,13.82,13.36,13.71,171600,0.0,0.0
2001-12-24,13.76,13.79,13.59,13.63,9500,0.0,0.0
2001-12-26,13.57,14.02,13.51,13.88,55400,0.0,0.0
2001-12-27,13.89,14.05,13.85,13.95,59100,0.0,0.0
2001-12-28,14.03,14.04,13.87,13.89,59900,0.0,0.0
2001-12-31,13.86,13.91,13.66,13.67,73900,0.0,0.0
2002-01-02,13.58,13.74,13.18,13.57,106300,0.0,0.0
2002-01-03,13.47,14.15,13.47,14.15,87700,0.0,0.0
2002-01-04,14.15,14.3,13.95,14.02,102800,0.0,0.0
2002-01-07,13.96,14.13,13.95,13.96,95200,0.0,0.0
2002-01-08,14.0,14.15,14.0,14.15,51400,0.0,0.0
2002-01-09,14.15,14.18,14.03,14.08,114100,0.0,0.0
2002-01-10,14.06,14.39,14.06,14.32,155800,0.0,0.0
2002-01-11,14.33,14.34,13.86,13.86,89700,0.0,0.0
2002-01-14,13.81,14.33,13.73,14.05,71700,0.0,0.0
2002-01-15,13.96,14.23,13.78,14.08,65900,0.0,0.0
2002-01-16,13.98,14.05,13.66,13.78,70000,0.0,0.0
2002-01-17,13.78,14.05,13.7,14.01,42300,0.0,0.0
2002-01-18,14.01,14.04,13.78,13.85,38000,0.0,0.0
2002-01-22,11.97,12.02,10.42,11.14,891600,0.0,0.0
2002-01-23,11.19,11.77,11.19,11.67,275900,0.0,0.0
2002-01-24,11.76,11.91,11.66,11.73,98900,0.0,0.0
2002-01-25,11.73,11.73,11.39,11.49,171000,0.0,0.0
2002-01-28,11.44,11.53,11.38,11.52,108200,0.0,0.0
2002-01-29,11.52,11.52,10.97,11.17,194700,0.0,0.0
2002-01-30,11.22,11.34,11.02,11.17,56600,0.0,0.0
2002-01-31,11.19,11.24,10.66,11.03,275800,0.0,0.0
2002-02-01,10.98,10.99,10.65,10.85,364000,0.0,0.0
2002-02-04,10.84,10.84,10.22,10.32,301800,0.0,0.0
2002-02-05,10.32,10.47,10.18,10.47,222000,0.0,0.0
2002-02-06,10.47,10.51,10.29,10.31,91100,0.0,0.0
2002-02-07,10.25,10.74,10.25,10.35,159100,0.03,0.0
2002-02-08,10.4,10.69,10.35,10.68,71300,0.0,0.0
2002-02-11,10.64,11.17,10.59,11.15,78700,0.0,0.0
2002-02-12,11.32,11.37,10.98,11.32,194500,0.0,0.0
2002-02-13,11.61,11.82,11.53,11.66,125000,0.0,0.0
2002-02-14,11.66,11.84,11.16,11.17,103900,0.0,0.0
2002-02-15,11.22,11.47,11.14,11.18,100200,0.0,0.0
2002-02-19,11.12,11.27,10.98,11.02,61700,0.0,0.0
2002-02-20,10.98,11.02,10.74,10.84,138400,0.0,0.0
2002-02-21,10.84,10.84,10.69,10.7,90500,0.0,0.0
2002-02-22,10.79,10.79,10.54,10.74,116100,0.0,0.0
2002-02-25,10.5,10.83,10.5,10.65,98100,0.0,0.0
2002-02-26,10.65,10.84,10.65,10.79,152900,0.0,0.0
2002-02-27,10.79,10.82,10.62,10.68,175200,0.0,0.0
2002-02-28,10.74,10.78,10.55,10.56,107600,0.0,0.0
2002-03-01,10.54,10.69,10.3,10.69,128200,0.0,0.0
2002-03-04,10.74,10.75,10.44,10.69,106200,0.0,0.0
2002-03-05,10.66,10.69,10.42,10.64,114300,0.0,0.0
2002-03-06,10.64,13.22,10.5,13.22,403900,0.0,0.0
2002-03-07,13.12,13.46,12.78,13.06,384000,0.0,0.0
2002-03-08,12.96,13.28,12.87,13.22,240800,0.0,0.0
2002-03-11,13.31,13.59,13.09,13.51,167300,0.0,0.0
2002-03-12,13.36,13.59,13.12,13.29,301200,0.0,0.0
2002-03-13,13.2,13.5,13.2,13.41,275700,0.0,0.0
2002-03-14,13.31,13.41,13.28,13.31,216100,0.0,0.0
2002-03-15,13.12,13.31,13.12,13.26,242300,0.0,0.0
2002-03-18,13.23,13.27,13.08,13.12,239000,0.0,0.0
2002-03-19,13.07,13.48,13.07,13.27,139300,0.0,0.0
2002-03-20,13.31,13.35,13.17,13.24,136200,0.0,0.0
2002-03-21,13.22,13.56,13.17,13.55,135400,0.0,0.0
2002-03-22,13.45,13.62,13.36,13.45,201700,0.0,0.0
2002-03-25,13.61,14.14,13.61,14.04,320700,0.0,0.0
2002-03-26,14.38,14.67,13.99,14.13,616100,0.0,0.0
2002-03-27,14.14,15.53,14.14,15.5,1243800,0.0,0.0
2002-03-28,15.49,15.79,14.92,15.28,1046400,0.0,0.0
2002-04-01,14.82,14.82,14.09,14.09,2765900,0.0,0.0
2002-04-02,14.1,14.15,13.25,13.34,2383100,0.0,0.0
2002-04-03,13.44,13.46,12.93,13.25,1842300,0.0,0.0
2002-04-04,13.34,13.9,13.25,13.9,2121000,0.0,0.0
2002-04-05,13.99,13.99,13.66,13.82,409800,0.0,0.0
2002-04-08,13.72,14.08,13.66,14.08,363500,0.0,0.0
2002-04-09,14.09,14.09,13.8,13.94,635700,0.0,0.0
2002-04-10,13.9,13.98,13.89,13.91,304000,0.0,0.0
2002-04-11,13.97,13.97,13.76,13.83,699700,0.0,0.0
2002-04-12,13.93,13.94,13.75,13.93,420600,0.0,0.0
2002-04-15,13.85,14.29,13.85,14.28,935300,0.0,0.0
2002-04-16,14.34,15.0,14.34,14.93,1033200,0.0,0.0
2002-04-17,14.97,14.97,14.45,14.57,365000,0.0,0.0
2002-04-18,14.57,14.72,14.57,14.63,548000,0.0,0.0
2002-04-19,14.72,14.82,14.58,14.82,464700,0.0,0.0
2002-04-22,14.77,14.77,14.4,14.62,99500,0.0,0.0
2002-04-23,14.52,14.62,14.42,14.6,465500,0.0,0.0
2002-04-24,14.58,14.97,14.58,14.97,160200,0.0,0.0
2002-04-25,14.97,15.3,14.79,15.27,426500,0.0,0.0
2002-04-26,15.06,15.5,15.06,15.3,646800,0.0,0.0
2002-04-29,15.05,15.34,14.7,14.92,248000,0.03,0.0
2002-04-30,14.85,15.34,14.7,15.29,268700,0.0,0.0
2002-05-01,15.19,15.42,14.8,15.37,320200,0.0,0.0
2002-05-02,15.43,15.53,15.22,15.51,346000,0.0,0.0
2002-05-03,15.41,15.53,15.29,15.32,179300,0.0,0.0
2002-05-06,15.4,15.4,14.75,14.85,123300,0.0,0.0
2002-05-07,14.75,15.04,14.69,14.69,228200,0.0,0.0
2002-05-08,14.79,15.04,14.56,14.89,158300,0.0,0.0
2002-05-09,14.9,14.99,14.31,14.61,512600,0.0,0.0
2002-05-10,14.56,14.64,14.41,14.53,183400,0.0,0.0
2002-05-13,14.46,14.61,14.26,14.51,394600,0.0,0.0
2002-05-14,14.51,15.24,14.51,15.24,90000,0.0,0.0
2002-05-15,15.19,15.19,14.75,15.02,249500,0.0,0.0
2002-05-16,15.02,15.16,14.59,14.69,201700,0.0,0.0
2002-05-17,14.71,14.85,14.52,14.67,154400,0.0,0.0
2002-05-20,14.66,14.66,14.41,14.65,127900,0.0,0.0
2002-05-21,14.7,14.75,14.41,14.63,159500,0.0,0.0
2002-05-22,14.56,14.65,14.36,14.51,92000,0.0,0.0
2002-05-23,14.41,14.7,14.31,14.7,71100,0.0,0.0
2002-05-24,14.7,14.72,14.43,14.43,48600,0.0,0.0
2002-05-28,14.48,14.48,14.04,14.45,198700,0.0,0.0
2002-05-29,14.51,14.51,14.12,14.19,153200,0.0,0.0
2002-05-30,14.19,14.31,13.83,14.12,179100,0.0,0.0
2002-05-31,14.02,14.31,13.99,14.22,56000,0.0,0.0
2002-06-03,14.17,14.28,13.78,13.93,220600,0.0,0.0
2002-06-04,13.87,14.15,13.53,13.94,104300,0.0,0.0
2002-06-05,13.63,14.02,13.53,13.97,176600,0.0,0.0
2002-06-06,13.9,13.92,12.98,13.23,188500,0.0,0.0
2002-06-07,13.16,13.69,13.14,13.63,104000,0.0,0.0
2002-06-10,13.58,13.69,13.29,13.58,129900,0.0,0.0
2002-06-11,13.53,13.56,13.29,13.3,64400,0.0,0.0
2002-06-12,13.29,13.34,13.1,13.24,56500,0.0,0.0
2002-06-13,13.14,13.43,12.74,12.85,204100,0.0,0.0
2002-06-14,12.71,13.24,12.71,12.92,126500,0.0,0.0
2002-06-17,13.0,13.39,13.0,13.39,86600,0.0,0.0
2002-06-18,13.31,13.92,13.29,13.74,137600,0.0,0.0
2002-06-19,13.68,13.94,13.34,13.58,128400,0.0,0.0
2002-06-20,13.39,13.66,13.08,13.58,526100,0.0,0.0
2002-06-21,13.6,13.87,13.38,13.87,118500,0.0,0.0
2002-06-24,13.83,13.84,13.5,13.5,139200,0.0,0.0
2002-06-25,13.97,14.17,13.44,13.63,170700,0.0,0.0
2002-06-26,13.49,13.91,13.05,13.48,232500,0.0,0.0
2002-06-27,13.39,13.87,13.27,13.83,149600,0.0,0.0
2002-06-28,13.68,14.12,13.34,13.92,221400,0.0,0.0
2002-07-01,13.92,13.97,13.19,13.3,85300,0.0,0.0
2002-07-02,13.4,13.4,12.76,12.77,254200,0.0,0.0
2002-07-03,12.63,12.9,12.46,12.68,577800,0.0,0.0
2002-07-05,12.69,13.24,12.64,13.14,54400,0.0,0.0
2002-07-08,13.15,13.19,12.81,13.0,103200,0.0,0.0
2002-07-09,13.02,13.02,12.49,12.49,488200,0.0,0.0
2002-07-10,12.56,12.56,11.39,11.39,776600,0.0,0.0
2002-07-11,11.44,11.83,11.39,11.79,172500,0.0,0.0
2002-07-12,11.59,11.68,11.36,11.59,141300,0.0,0.0
2002-07-15,11.57,11.57,10.71,11.29,159700,0.0,0.0
2002-07-16,11.27,11.36,10.91,11.16,125200,0.0,0.0
2002-07-17,11.2,11.42,10.72,11.2,139400,0.0,0.0
2002-07-18,11.05,11.05,10.71,10.72,209200,0.0,0.0
2002-07-19,10.68,10.86,10.13,10.22,143500,0.0,0.0
2002-07-22,10.2,10.37,9.91,10.02,226000,0.0,0.0
2002-07-23,9.98,9.98,9.48,9.49,143400,0.0,0.0
2002-07-24,9.44,9.82,9.25,9.73,252600,0.0,0.0
2002-07-25,9.73,9.96,9.23,9.51,278500,0.0,0.0
2002-07-26,9.61,9.74,9.27,9.74,98000,0.0,0.0
2002-07-29,9.44,10.61,9.44,10.37,248600,0.0,0.0
2002-07-30,10.3,10.85,10.29,10.75,346900,0.03,0.0
2002-07-31,10.75,10.79,10.46,10.76,167400,0.0,0.0
2002-08-01,10.72,10.94,10.55,10.59,162900,0.0,0.0
2002-08-02,10.59,10.69,9.91,9.91,78800,0.0,0.0
2002-08-05,9.92,10.14,9.52,9.56,141500,0.0,0.0
2002-08-06,9.8,10.15,9.78,10.15,162200,0.0,0.0
2002-08-07,10.19,10.98,10.19,10.98,234200,0.0,0.0
2002-08-08,10.94,11.07,10.86,11.03,118300,0.0,0.0
2002-08-09,11.03,11.08,10.74,10.84,78200,0.0,0.0
2002-08-12,10.78,10.93,10.56,10.83,48800,0.0,0.0
2002-08-13,10.83,10.83,10.27,10.27,109600,0.0,0.0
2002-08-14,10.28,10.92,10.23,10.91,105700,0.0,0.0
2002-08-15,10.91,10.91,10.55,10.55,105100,0.0,0.0
2002-08-16,10.35,11.25,10.27,10.98,86000,0.0,0.0
2002-08-19,10.89,11.47,10.79,11.38,131700,0.0,0.0
2002-08-20,11.38,11.38,10.81,10.81,73200,0.0,0.0
2002-08-21,10.84,10.89,10.67,10.84,87300,0.0,0.0
2002-08-22,10.89,10.89,10.5,10.73,173300,0.0,0.0
2002-08-23,10.7,10.74,10.59,10.59,125700,0.0,0.0
2002-08-26,10.61,10.74,10.35,10.49,110200,0.0,0.0
2002-08-27,10.64,10.74,10.46,10.5,111200,0.0,0.0
2002-08-28,10.5,10.5,9.96,10.05,294900,0.0,0.0
2002-08-29,10.05,11.23,9.76,10.59,498300,0.0,0.0
2002-08-30,10.59,10.85,10.58,10.59,82900,0.0,0.0
2002-09-03,10.64,10.64,10.07,10.07,218100,0.0,0.0
2002-09-04,10.15,10.56,10.04,10.45,799200,0.0,0.0
2002-09-05,9.81,10.4,9.81,10.24,122600,0.0,0.0
2002-09-06,10.3,10.69,10.3,10.55,162900,0.0,0.0
2002-09-09,10.69,11.14,10.4,10.9,134200,0.0,0.0
2002-09-10,10.64,10.89,10.64,10.84,112000,0.0,0.0
2002-09-11,10.84,10.97,10.74,10.74,234500,0.0,0.0
2002-09-12,10.79,10.97,10.45,10.74,280700,0.0,0.0
2002-09-13,10.84,10.98,10.65,10.72,365600,0.0,0.0
2002-09-16,10.72,10.99,10.64,10.74,138200,0.0,0.0
2002-09-17,10.84,10.89,10.54,10.54,61400,0.0,0.0
2002-09-18,10.44,10.47,9.96,10.15,76300,0.0,0.0
2002-09-19,10.14,10.14,9.77,9.79,35300,0.0,0.0
2002-09-20,10.04,10.04,9.57,9.73,282500,0.0,0.0
2002-09-23,9.42,9.76,9.42,9.57,72800,0.0,0.0
2002-09-24,9.67,10.04,9.59,9.99,570400,0.0,0.0
2002-09-25,9.99,10.2,9.76,9.86,103100,0.0,0.0
2002-09-26,9.96,10.03,9.76,10.03,85600,0.0,0.0
2002-09-27,9.93,9.93,9.54,9.54,61300,0.0,0.0
2002-09-30,9.51,10.3,9.05,9.82,222600,0.0,0.0
2002-10-01,9.73,9.92,9.57,9.79,317900,0.0,0.0
2002-10-02,9.81,10.01,9.47,9.47,128300,0.0,0.0
2002-10-03,9.23,9.63,8.98,9.42,417400,0.0,0.0
2002-10-04,9.41,9.41,8.79,9.03,119200,0.0,0.0
2002-10-07,8.98,8.98,8.3,8.3,347600,0.0,0.0
2002-10-08,8.08,8.08,7.32,7.56,638300,0.0,0.0
2002-10-09,7.56,7.56,6.23,6.59,1410200,0.0,0.0
2002-10-10,6.83,7.32,6.64,7.32,403600,0.0,0.0
2002-10-11,7.23,7.52,6.79,7.32,397200,0.0,0.0
2002-10-14,7.1,7.57,7.1,7.32,239400,0.0,0.0
2002-10-15,7.42,7.66,7.32,7.58,258900,0.0,0.0
2002-10-16,7.55,7.55,7.02,7.27,242400,0.0,0.0
2002-10-17,7.37,7.52,7.11,7.17,98600,0.0,0.0
2002-10-18,7.42,7.42,7.06,7.16,79100,0.0,0.0
2002-10-21,7.35,7.62,7.1,7.59,215400,0.0,0.0
2002-10-22,7.71,7.71,7.42,7.53,106400,0.0,0.0
2002-10-23,7.49,7.95,7.49,7.81,108400,0.0,0.0
2002-10-24,7.71,7.91,7.51,7.56,326500,0.0,0.0
2002-10-25,7.52,7.76,7.18,7.68,179300,0.0,0.0
2002-10-28,7.62,7.68,7.26,7.32,281500,0.0,0.0
2002-10-29,7.32,7.76,7.25,7.74,351100,0.0,0.0
2002-10-30,7.65,8.04,7.57,8.02,239000,0.03,0.0
2002-10-31,8.02,8.04,7.74,8.02,96200,0.0,0.0
2002-11-01,7.92,8.2,7.7,7.96,134000,0.0,0.0
2002-11-04,7.99,8.04,7.71,7.75,163600,0.0,0.0
2002-11-05,7.79,7.84,7.25,7.6,288300,0.0,0.0
2002-11-06,7.6,7.84,7.5,7.65,495300,0.0,0.0
2002-11-07,7.6,7.6,7.28,7.42,265800,0.0,0.0
2002-11-08,7.35,7.48,7.15,7.48,159200,0.0,0.0
2002-11-11,7.46,7.65,7.3,7.35,408800,0.0,0.0
2002-11-12,7.34,7.55,7.2,7.35,217800,0.0,0.0
2002-11-13,7.45,7.84,7.2,7.4,90300,0.0,0.0
2002-11-14,7.45,7.66,7.37,7.53,55700,0.0,0.0
2002-11-15,7.63,7.63,7.06,7.44,890000,0.0,0.0
2002-11-18,7.64,7.64,6.91,7.13,219200,0.0,0.0
2002-11-19,7.1,7.44,7.06,7.21,255500,0.0,0.0
2002-11-20,7.21,7.21,7.07,7.17,131500,0.0,0.0
2002-11-21,7.35,7.35,7.08,7.16,300800,0.0,0.0
2002-11-22,7.4,7.81,7.28,7.66,176200,0.0,0.0
2002-11-25,7.74,7.74,7.42,7.42,337400,0.0,0.0
2002-11-26,7.5,7.78,7.5,7.74,110100,0.0,0.0
2002-11-27,7.78,8.28,7.67,8.14,199200,0.0,0.0
2002-11-29,8.28,8.28,7.94,7.94,60500,0.0,0.0
2002-12-02,8.18,8.43,7.99,8.18,272900,0.0,0.0
2002-12-03,8.14,8.5,8.04,8.04,146700,0.0,0.0
2002-12-04,7.99,8.09,7.75,7.85,110300,0.0,0.0
2002-12-05,7.6,7.69,6.68,6.84,2188500,0.0,0.0
2002-12-06,6.72,6.85,6.68,6.81,924900,0.0,0.0
2002-12-09,6.82,6.82,6.6,6.77,411700,0.0,0.0
2002-12-10,6.86,6.91,6.68,6.86,318300,0.0,0.0
2002-12-11,6.84,6.86,6.72,6.86,117200,0.0,0.0
2002-12-12,6.91,7.48,6.91,7.45,557200,0.0,0.0
2002-12-13,7.46,7.46,7.2,7.2,163900,0.0,0.0
2002-12-16,7.21,7.34,7.14,7.34,240400,0.0,0.0
2002-12-17,7.34,7.39,7.04,7.15,201000,0.0,0.0
2002-12-18,7.15,7.35,7.09,7.25,434900,0.0,0.0
2002-12-19,7.26,7.62,7.26,7.58,529700,0.0,0.0
2002-12-20,7.94,7.94,7.5,7.6,299700,0.0,0.0
2002-12-23,7.65,7.83,7.62,7.78,203000,0.0,0.0
2002-12-24,7.82,7.94,7.8,7.88,151900,0.0,0.0
2002-12-26,7.89,8.03,7.84,7.89,112400,0.0,0.0
2002-12-27,7.86,8.03,7.79,7.84,73600,0.0,0.0
2002-12-30,7.84,7.89,7.6,7.65,247900,0.0,0.0
2002-12-31,7.65,7.93,7.65,7.76,148800,0.0,0.0
2003-01-02,7.71,8.08,7.71,8.02,124700,0.0,0.0
2003-01-03,7.92,8.01,7.73,7.77,304100,0.0,0.0
2003-01-06,7.87,7.94,7.84,7.87,195400,0.0,0.0
2003-01-07,7.92,7.92,7.6,7.88,227300,0.0,0.0
2003-01-08,7.84,7.85,7.61,7.61,64200,0.0,0.0
2003-01-09,7.78,8.09,7.65,8.09,244100,0.0,0.0
2003-01-10,7.99,8.0,7.88,7.95,330000,0.0,0.0
2003-01-13,7.99,7.99,7.8,7.86,310800,0.0,0.0
2003-01-14,7.86,7.87,7.76,7.84,298700,0.0,0.0
2003-01-15,7.84,7.84,7.74,7.84,729700,0.0,0.0
2003-01-16,7.85,7.87,7.74,7.8,134600,0.0,0.0
2003-01-17,7.66,7.82,7.66,7.74,133600,0.0,0.0
2003-01-21,7.77,7.79,7.7,7.76,219700,0.0,0.0
2003-01-22,7.72,7.73,7.4,7.57,196100,0.0,0.0
2003-01-23,7.54,7.77,7.47,7.76,185100,0.0,0.0
2003-01-24,7.66,7.69,7.41,7.62,299000,0.0,0.0
2003-01-27,7.69,7.71,7.38,7.51,238200,0.0,0.0
2003-01-28,7.49,7.6,7.35,7.56,161600,0.0,0.0
2003-01-29,7.56,7.61,7.43,7.55,76800,0.0,0.0
2003-01-30,7.6,7.6,7.43,7.46,149200,0.0,0.0
2003-01-31,7.46,7.63,7.36,7.55,214100,0.0,0.0
2003-02-03,7.6,7.67,7.52,7.55,142500,0.0,0.0
2003-02-04,7.46,7.58,7.43,7.53,185600,0.0,0.0
2003-02-05,7.53,7.65,7.42,7.58,107100,0.0,0.0
2003-02-06,7.48,7.64,7.43,7.57,148000,0.0,0.0
2003-02-07,7.58,7.6,7.47,7.47,169200,0.0,0.0
2003-02-10,7.42,7.46,7.28,7.46,397000,0.0,0.0
2003-02-11,7.45,7.45,7.15,7.18,645900,0.0,0.0
2003-02-12,7.14,7.15,7.03,7.03,185100,0.0,0.0
2003-02-13,7.03,7.07,6.99,7.06,142000,0.03,0.0
2003-02-14,7.07,7.18,6.99,7.06,102200,0.0,0.0
2003-02-18,7.01,7.09,6.82,7.04,144800,0.0,0.0
2003-02-19,7.08,7.08,6.93,7.04,126500,0.0,0.0
2003-02-20,6.99,7.04,6.91,6.92,439800,0.0,0.0
2003-02-21,6.89,7.04,6.86,7.01,234700,0.0,0.0
2003-02-24,7.02,7.05,6.99,7.0,141300,0.0,0.0
2003-02-25,6.99,7.01,6.94,6.98,166400,0.0,0.0
2003-02-26,6.97,6.97,6.68,6.68,332300,0.0,0.0
2003-02-27,6.69,6.79,6.64,6.68,628900,0.0,0.0
2003-02-28,6.64,6.7,6.62,6.69,181800,0.0,0.0
2003-03-03,6.72,6.72,6.56,6.63,214900,0.0,0.0
